{"cameraMode":{"drawMode":0,"name":"Shaded","section":"Shading Mode"},"sceneLighting":true,"audioPlay":false,"sceneViewState":{"showFog":true,"showMaterialUpdate":false,"showSkybox":true,"showFlares":true,"showImageEffects":true,"showParticleSystems":true},"in2DMode":false,"pivot":{"x":-0.01031494140625,"y":2.288942337036133,"z":-3.5384562015533449},"rotation":{"x":-0.19250273704528809,"y":0.7721830010414124,"z":-0.2750302851200104,"w":-0.5397178530693054},"size":16.93982696533203,"orthographic":false}