{"cameraMode":{"drawMode":0,"name":"Shaded","section":"Shading Mode"},"sceneLighting":true,"audioPlay":false,"sceneViewState":{"showFog":true,"showMaterialUpdate":false,"showSkybox":true,"showFlares":true,"showImageEffects":true,"showParticleSystems":true},"in2DMode":false,"pivot":{"x":-0.01031494140625,"y":2.288942337036133,"z":-3.5384562015533449},"rotation":{"x":-0.11243332177400589,"y":0.8159123063087463,"z":-0.16892021894454957,"w":-0.5416386723518372},"size":16.93982696533203,"orthographic":false}